id,language,task_type,prompt,generation_timestamp,generated_story,generation_error,evaluation_timestamp,evaluation_status,judge_model,characterization_memory_contradictions,characterization_knowledge_contradictions,characterization_skill_power_fluctuations,characterization_forgotten_abilities,factual_detail_appearance_mismatches,factual_detail_nomenclature_confusions,factual_detail_quantitative_mismatches,narrative_style_perspective_confusions,narrative_style_tone_inconsistencies,narrative_style_style_shifts,timeline_plot_absolute_time_contradictions,timeline_plot_duration_timeline_contradictions,timeline_plot_simultaneity_contradictions,timeline_plot_causeless_effects,timeline_plot_causal_logic_violations,timeline_plot_abandoned_plot_elements,world_building_core_rules_violations,world_building_social_norms_violations,world_building_geographical_contradictions
1860,en,generation,"Imagine a story where someone skips a free energy drink sample at a futuristic mega-mart and unwittingly sets off a chain reaction that brings down a global corporation. Weave in themes of unintended consequences, corporate greed, and the fragility of markets when a miraculous biotech elixir falls into the wrong hands. Set it in a near-future megacity and include at least one tragicomic scene that underscores humanity’s obsession with immortality. Make it about 8,000 to 12,000 words long.",2026-06-25T13:22:59.073597,"Title: The Elixir of Consequence

---

**Chapter 1: The Choice Not Taken**

The city of Neo-Seoul buzzed with the ceaseless hum of humanity, a sprawling metropolis that towered into the clouds, its skyline a jagged silhouette against the electric pink of the setting sun. Neon lights flickered to life as dusk descended, casting vibrant reflections across the glass and steel surfaces of the mega-mart that dominated the heart of the commercial district.

Inside, the aisles were a maze of consumerism, where drones whirred overhead, restocking shelves with mechanical precision. Shoppers navigated this labyrinth with augmented reality glasses that flashed discounts and brand slogans directly into their retinas. In one corner of the store, a small crowd gathered around a promotional stand, where a vivacious holographic attendant offered free samples of the latest product from LifeTech Corporation: EnerGen, a revolutionary new energy drink purported to rejuvenate the body on a cellular level.

Amidst the throng, a man in his early thirties, Noah Park, hesitated. His dark eyes scanned the vibrant packaging with mild curiosity, but the cacophony of the market and the press of bodies made him feel claustrophobic. He had come to the mega-mart for something mundane—a replacement for his worn-out charger—but now found himself pondering the outlandish claims of the drink. A tug at his conscience reminded him of the headlines that had dominated the news: LifeTech's CEO, Leonard Voss, heralding EnerGen as the dawn of a new era in human vitality.

Yet, Noah was a skeptic by nature. A journalist at heart, he had seen too many fads come and go. With a dismissive shake of his head, he turned away from the stand, stepping past the eager crowd and weaving his way towards the electronics section.

What Noah could not have known was that his decision to forgo the sample would set off a cascade of events that would unravel the very fabric of one of the world's most powerful corporations.

Behind him, a young woman in a LifeTech uniform noted his departure. Her name tag read “Mia.” She watched him walk away, a slight frown creasing her forehead. Noah’s nonchalance was rare; almost everyone else succumbed to the allure of a freebie, especially one wrapped in promises of youth and vigor. Unbeknownst to her, the data from her scanner, which tracked sample uptake, would contribute to a report that would soon reach the upper echelons of LifeTech, sparking a series of corporate decisions driven by greed and oversight.

**Chapter 2: The Cracks in the Facade**

LifeTech Corporation had been a titan in the biotech industry for decades, its influence so pervasive that the line between government policy and corporate interest blurred alarmingly. At its helm, Leonard Voss was a man both revered and feared. His vision had propelled LifeTech from a modest start-up to a global behemoth, but his relentless pursuit of innovation was often overshadowed by whispers of ethical breaches and regulatory manipulation.

EnerGen was Voss’s magnum opus. Developed in secret over years, it promised not just energy but enhancement—a booster of human potential. The science behind it was staggering, involving CRISPR technology and proprietary bioactive compounds. Yet, the true extent of its capabilities and side effects remained shrouded in corporate secrecy.

In the sprawling LifeTech headquarters, a glass edifice that loomed over Neo-Seoul like a sentinel, Voss pored over reports in his penthouse office. The initial launch of EnerGen had been met with unprecedented enthusiasm, but early feedback showed anomalies. There were sporadic reports of adverse reactions—insomnia, heightened aggression, and, in one extreme case, a complete psychological break. Voss dismissed these as statistical outliers, confident in the product’s overall success.

Downstairs, in the data analysis division, Mia compiled the daily metrics. Her terminal beeped as she noted a discrepancy in sample distribution. The algorithms flagged Noah’s decision as an anomaly—a potential insight into consumer hesitance. She logged the data dutifully, unaware that it would be Voss’s insistence on immediate market expansion, based on these analytics, that would precipitate LifeTech’s downfall.

**Chapter 3: The Butterfly Effect**

Noah returned to his modest apartment in the lower districts of Neo-Seoul, where the shadows of the towering skyscrapers blocked the dying sunlight. He lived alone, his days spent chasing stories and his nights haunted by unfinished leads. Journalism was a dying art in a world dominated by AI-generated content, but Noah’s dogged pursuit of the truth had earned him both admiration and disdain.

As he settled into his chair, his terminal pinged with a message from his editor. An assignment—mundane, as usual. Cover the latest tech expo downtown, where LifeTech was expected to unveil their new line of consumer health products. Noah sighed, the irony not lost on him. He had just avoided their latest creation and now was tasked with reporting on it.

The expo was a spectacle of innovation, with holographic displays and interactive exhibits that dazzled attendees. Noah moved through the crowd, a detached observer amidst the fervor. At the LifeTech booth, he observed the eager faces of consumers lining up to try EnerGen. The air buzzed with excitement, but Noah’s instincts tingled with unease.

He approached the booth, his press badge granting him access to the inner circle. There, he overheard a heated discussion between a LifeTech representative and a government official. Words like ""regulation"" and ""liability"" floated in the air, underscoring a tension that belied the polished veneer of the event.

It was here that Noah’s investigative instincts kicked in. He discreetly recorded the conversation, his mind already crafting the narrative of corporate overreach and the potential for a scandal. He sensed that EnerGen was more than just an energy drink—it was a symbol of unchecked ambition.

**Chapter 4: The Unraveling**

As Noah delved deeper into his investigation, he uncovered a web of deception and half-truths. LifeTech’s internal documents, leaked through an anonymous source, painted a troubling picture. The development of EnerGen had bypassed several critical safety trials, fast-tracked by Voss’s influence over regulatory bodies. The potential side effects were far more severe than publicly acknowledged, with long-term impacts that could destabilize the human genome itself.

Noah’s exposé, published with cautious optimism, sent ripples through the media landscape. LifeTech’s stock plummeted as the revelations sparked public outrage. Shareholders demanded accountability, and regulatory agencies, pressured by the sudden spotlight, launched investigations into the company’s practices.

Inside LifeTech, panic ensued. Voss, once untouchable, faced a board that questioned his judgment. His empire was crumbling, not because of a massive espionage plot or a competitor’s machinations, but because a single man had chosen not to participate in a marketing gimmick.

Mia, watching from the sidelines, felt a pang of guilt. Her report had been just one of many, yet it had contributed to the sequence of decisions that led to this moment. She wondered at the fragility of a system where such minor choices held the power to topple giants.

**Chapter 5: The Tragicomic Turn**

As LifeTech teetered on the brink, the public’s fascination with EnerGen took a bizarre turn. Black-market versions of the drink flooded the streets, each promising the same miraculous benefits without the corporate price tag. In a tragicomic twist, a cult emerged, worshipping EnerGen as a path to immortality.

Their leader, a former LifeTech scientist disillusioned by corporate greed, preached the gospel of human enhancement. The faithful gathered in abandoned factories, their rituals a macabre parody of scientific inquiry. They consumed homemade brews in reckless abandon, convinced of their invincibility.

The media dubbed them ""The Immortalists,"" their antics both a grim reminder of EnerGen’s promise and a satirical commentary on humanity’s obsession with eternal life. Noah, covering their rise, found himself both amused and unsettled. They were the embodiment of unintended consequences, their existence a testament to the chaos unleashed by LifeTech’s hubris.

**Chapter 6: The Reckoning**

As investigations into LifeTech deepened, more revelations emerged. The company’s influence on regulatory bodies was laid bare, exposing a network of corruption that shocked even the most jaded observers. Lawsuits piled up, and governments around the world moved to limit the power of biotech firms.

In the midst of this upheaval, Leonard Voss resigned, his legacy tarnished by scandal. He retreated from the public eye, a fallen titan grappling with the consequences of his ambition. The board of LifeTech struggled to stabilize the company, its future uncertain in a landscape forever altered by the fallout.

Noah, now hailed as a hero of journalistic integrity, watched the drama unfold with a mix of satisfaction and melancholy. His story had changed the world, but at what cost? The allure of EnerGen had been a symptom of a deeper malaise—a society that valued progress over ethics, innovation over humanity.

**Chapter 7: Reflection and Redemption**

In the aftermath, the world reevaluated its relationship with technology and the corporations that wielded it. Regulatory reforms were enacted, and public discourse shifted towards ethical innovation. LifeTech, under new leadership, pledged transparency and accountability, seeking redemption in a world wary of its promises.

Mia, reflecting on her role in the saga, found purpose in advocacy. She joined a coalition of scientists and ethicists dedicated to responsible biotech development, determined to prevent another EnerGen.

Noah continued his work, his experiences shaping a body of writing that explored the complexities of progress and the human condition. His encounter with EnerGen had taught him the power of choice, the impact of seemingly insignificant decisions in a world governed by interconnectivity and consequence.

In Neo-Seoul, the lights of the mega-mart flickered as always, a constant in a city defined by change. Life went on, the future uncertain yet hopeful, a testament to humanity’s capacity for resilience and reinvention.

**Epilogue: The Human Condition**

Amidst the ruins of ambition and the birth of new ideals, the world moved forward. In the quiet moments between chaos and calm, people remembered the lesson of EnerGen: that in the pursuit of progress, it was the choices not taken that often held the greatest power.

And so, in a city that never slept, where the past and future danced in a delicate balance, humanity once again embraced the fragility of life, the beauty of imperfection, and the enduring quest for meaning in an ever-evolving world.",,2026-06-25T13:32:41.316727,completed,gpt-4o,[],[],[],[],[],[],[],[],[],[],[],[],[],"[{""exact_quote"": ""Mia, reflecting on her role in the saga, found purpose in advocacy. She joined a coalition of scientists and ethicists dedicated to responsible biotech development, determined to prevent another EnerGen."", ""location"": ""Chapter 7, paragraph 5"", ""contradiction_pair"": null, ""contradiction_location"": null, ""error_element"": ""career transition"", ""error_category"": ""effect_without_cause"", ""context"": ""Mia's sudden career transition to advocacy is not set up earlier in the narrative, lacking prior indication of her interest or skills in this area.""}]",[],"[{""exact_quote"": ""Behind him, a young woman in a LifeTech uniform noted his departure. Her name tag read “Mia.” She watched him walk away, a slight frown creasing her forehead."", ""location"": ""Chapter 1, paragraph 8"", ""contradiction_pair"": null, ""contradiction_location"": null, ""error_element"": ""character observation"", ""error_category"": ""dangling_plot_thread"", ""context"": ""Mia's initial observation of Noah and her reaction are introduced but not developed or resolved in terms of their significance to the plot.""}]",[],[],[]
353,en,expansion,"Tell the story of a guy who won over his ex’s tough Dutch mum when his relationship was rocky, only for her to turn on him when her daughter moved on to a new, abusive partner. Follow the protagonist as he runs into his ex and her mum at different points, including heated confrontations and unexpected moments of compassion. Expand this into a full 8,000–10,000 word narrative, weaving in sharp dialogue, vivid inner monologue, and themes of betrayal, redemption, and closure.",2026-06-25T13:22:59.074297,"### Chapter One: A Cold Beginning

The cold wind swept through the streets of Amsterdam as Daniel pulled his collar up, trying to shield himself from the biting chill. He had loved this city once, its vibrant canals and lively markets, but today, everything seemed dulled by the weight of recent events. He paused on the bridge, watching the water ripple beneath him, and thought about how it all began.

Daniel had met Sophie during a summer exchange program at the University of Amsterdam. She was a whirlwind of energy, with a laugh that could draw a smile from even the sternest of professors. They bonded over late-night study sessions and moonlit walks along the canals. Before long, they were inseparable.

But it wasn’t just Sophie he fell for; her family had welcomed him with open arms—well, most of them. Her mother, Ingrid, was a formidable woman. Tall and stern, with a piercing gaze that seemed to see right through him, she had been skeptical of him from the start. It took months for Daniel to win her over, but eventually, through persistence and genuine affection for her daughter, he found a place in her heart.

Yet, as the seasons changed, so too did their relationship. The once vibrant connection between him and Sophie began to fray, strained by distance and expectations. They argued more frequently, each disagreement cutting deeper than the last. Eventually, they decided to part ways, a mutual decision born of necessity rather than desire.

### Chapter Two: The Unexpected Reunion

Months had passed since their breakup, and Daniel had thrown himself into his work, trying to rebuild his life. He thought he was making progress until one fateful evening at a local café. He walked in, shaking off the drizzle from his coat, and there she was—Sophie, sitting at a corner table, her mother beside her.

His heart skipped a beat, a mix of longing and fear swirling within him. Sophie noticed him first, her eyes widening in surprise. Ingrid followed her gaze, her expression unreadable. Despite the tumult of emotions, Daniel approached their table, drawn by an inexplicable need to speak to them.

“Daniel,” Sophie greeted, her voice a mix of warmth and uncertainty.

“Ingrid, Sophie,” he nodded, trying to sound casual despite the tension crackling in the air.

Ingrid studied him for a moment before offering a curt nod. “Daniel. It’s been a while.”

They exchanged pleasantries, the conversation stilted and awkward. Daniel was acutely aware of Ingrid’s watchful eyes, a reminder of the high stakes involved in this unexpected encounter.

“I heard you’re doing well at the firm,” Sophie said, breaking the silence.

“Yeah, keeping busy,” Daniel replied, his mind racing for something more meaningful to say. “And you? How have you been?”

Sophie hesitated, glancing at her mother before responding. “I’m seeing someone new,” she admitted, her voice laced with a hint of unease.

Ingrid’s eyes narrowed slightly, a flicker of something passing through her gaze. Daniel felt a pang of jealousy mixed with concern. He had hoped she’d move on, yet hearing it was a different matter entirely.

“Good for you,” he managed, forcing a smile. “As long as you’re happy, that's what matters.”

### Chapter Three: The Unraveling

Weeks later, Daniel found himself thinking about that encounter more often than he cared to admit. He told himself it was merely curiosity, a natural part of moving on. But deep down, he knew it was more than that.

The rumors started softly, whispers among mutual friends and acquaintances about Sophie’s new partner, Mark. They painted a picture of a man who was anything but kind, and Daniel's concern grew. He tried to push the thoughts aside, convincing himself it wasn’t his place to interfere. But the nagging feeling of responsibility lingered.

One evening, he received a call from an unknown number. Hesitantly, he answered, only to hear Ingrid’s voice on the other end, laced with an urgency he’d never heard before.

“Daniel, we need to talk. It’s about Sophie.”

### Chapter Four: A Call for Help

The café where they met was dimly lit, shadows dancing across the walls as Daniel sat waiting. Ingrid arrived moments later, her expression a blend of determination and worry.

“Thank you for coming,” she said, sitting down across from him.

“Of course. What’s going on?” Daniel asked, leaning forward.

“It’s Mark,” she began, her voice steady but tense. “I’m worried about him. Sophie won’t admit it, but I can see the signs.”

Daniel nodded, his heart sinking. “What can I do?”

Ingrid studied him for a moment, as if weighing her words. “I know we haven’t always seen eye to eye, but I trust you, Daniel. Sophie needs someone who can reach her, someone who understands.”

Her words struck him deeply, a mixture of gratitude and the heavy burden of responsibility settling on his shoulders. Despite their history, Ingrid was reaching out to him, and he couldn’t turn away.

“I’ll try to talk to her,” he promised, knowing the path ahead would be anything but easy.

### Chapter Five: Confrontation

Daniel waited outside Sophie’s apartment, his mind a whirlwind of potential scenarios. He rehearsed what he might say, but when the door opened, and Sophie stood before him, his words faltered.

“Daniel? What are you doing here?” she asked, surprise and suspicion mingling in her voice.

“Can we talk?” he asked, trying to convey the seriousness of his intentions.

She hesitated but eventually stepped aside, allowing him in. The apartment was neat, yet there was a tension in the air, an unspoken heaviness that hung between them.

“I saw your mom,” Daniel began, choosing his words carefully. “She’s worried about you.”

Sophie’s expression hardened. “I’m fine, Daniel. This isn’t your concern.”

“I know it’s not my place, but I care about you, Sophie. If something’s wrong, you can tell me.”

She crossed her arms, defensive. “Mark’s not perfect, but he’s trying. Things have been difficult, sure, but it’s not what you think.”

Daniel wanted to believe her, yet the doubt lingered. “If you ever need anything, you know where to find me,” he said finally, aware that pushing too hard might drive her away.

### Chapter Six: Seeds of Doubt

Days turned into weeks, and Daniel found himself haunted by their conversation. He kept in contact with Ingrid, sharing updates and voicing his concerns. Despite Sophie’s assurances, he couldn’t shake the feeling that something was amiss.

Then, one night, the call he dreaded came. Sophie’s voice, trembling and raw, broke through the silence of his apartment.

“Daniel, I need your help.”

He was out the door before she could say another word, his heart racing as he made his way to her. The city blurred around him, the familiar canals and cobblestones a backdrop to his frantic thoughts.

When he arrived, Sophie was waiting outside, her eyes red and swollen. Without a word, she fell into his arms, and he held her close, feeling the weight of her pain.

“I didn’t know who else to call,” she admitted, her voice barely above a whisper.

“It’s okay,” Daniel murmured, brushing her hair back. “You’re safe now.”

### Chapter Seven: A Mother's Love

As Sophie sat in Daniel’s apartment, wrapped in a blanket, Ingrid arrived, her expression a mix of relief and anger. She pulled her daughter into a fierce embrace, whispering assurances and promises of protection.

Daniel watched from a distance, giving them space yet ready to step in if needed. He knew the road ahead would be challenging, but seeing Ingrid’s fierce love for her daughter was a reminder of the strength they all possessed.

“I’m sorry,” Sophie said later, her voice thick with emotion. “For everything.”

Daniel shook his head. “You don’t need to apologize. We’re here for you, whatever you need.”

Ingrid approached him then, her eyes softening. “Thank you, Daniel. I know this hasn’t been easy.”

He nodded, understanding the unspoken gratitude and the shared bond that had formed through their trials.

### Chapter Eight: Moving Forward

In the weeks that followed, Daniel and Ingrid worked together to support Sophie as she rebuilt her life. They arranged for counseling and helped her find a new place, creating a network of care around her.

Through it all, Daniel and Ingrid found a new understanding, their past differences set aside in favor of a common goal. Ingrid’s initial skepticism had transformed into a mutual respect, a testament to the unexpected twists life could take.

As spring blossomed in the city, Daniel found a sense of peace he hadn’t anticipated. The vibrant canals and lively markets once again held their charm, reminding him of the beauty of new beginnings.

One afternoon, as he walked along the familiar streets, he spotted Sophie and Ingrid sitting at a café, their laughter carrying on the breeze. He paused, watching them from a distance, content in the knowledge that they were healing, and that he had played a part in their journey.

Sophie caught his eye and waved him over, her smile warm and inviting. As he joined them, he realized that sometimes, the path to closure wasn’t a solitary one, but rather a shared journey of redemption and renewed hope.",,2026-06-25T13:32:53.792005,completed,gpt-4o,[],[],[],[],[],[],[],[],[],[],[],[],[],[],[],[],[],[],[]
